step,critic/rewards/mean,training/rollout_probs_diff_mean,rollout_corr/kl,val-core/miles_math/acc/mean@1
0,,,,0.06666666666666667
1,0.341796875,0.011463255621492863,0.00423563364893198,
2,0.375,0.011210761032998562,0.003985212184488773,
3,0.29296875,0.01163867861032486,0.0042694504372775555,
4,0.25,0.011498522944748402,0.004190446808934212,
5,0.4140625,0.010651194490492344,0.0037703688722103834,0.1
6,0.28125,0.012031110003590584,0.004314763005822897,
7,0.357421875,0.011955855414271355,0.004410910420119762,
8,0.41796875,0.010974561795592308,0.003789817448705435,
9,0.44140625,0.011402009986341,0.0039040332194417715,
10,0.451171875,0.011230073869228363,0.0037785894237458706,0.16666666666666666
11,0.41796875,0.010938823223114014,0.0037978587206453085,
12,0.4609375,0.011717939749360085,0.004288630560040474,
13,0.443359375,0.011101586744189262,0.003932439722120762,
14,0.42578125,0.0112926559522748,0.003944935742765665,
15,0.486328125,0.01128499023616314,0.0037622088566422462,0.1
16,0.45703125,0.011480146087706089,0.0039828065782785416,
17,0.591796875,0.010811448097229004,0.0036801157984882593,
18,0.5078125,0.011117970570921898,0.003718113759532571,
19,0.541015625,0.011637118645012379,0.003987394738942385,
20,0.546875,0.011346346698701382,0.004041366744786501,0.26666666666666666
21,0.55859375,0.010908029973506927,0.0038118765223771334,
22,0.630859375,0.011954840272665024,0.004070702474564314,
23,0.57421875,0.011307556182146072,0.0040617091581225395,
24,0.52734375,0.011228815652430058,0.003938924055546522,
25,0.576171875,0.011391659267246723,0.0038683961611241102,0.26666666666666666
26,0.515625,0.011668716557323933,0.003963887691497803,
27,0.71875,0.011030756868422031,0.0035281777381896973,
28,0.59375,0.011529333889484406,0.003939853981137276,
29,0.525390625,0.011820187792181969,0.004046817775815725,
30,0.556640625,0.011495345272123814,0.0041354657150805,0.3
31,0.625,0.010972138494253159,0.003538966178894043,
32,0.65234375,0.011118865571916103,0.003673356957733631,
33,0.591796875,0.010442500002682209,0.0032359538599848747,
34,0.67578125,0.010964887216687202,0.003628429723903537,
35,0.734375,0.011009996756911278,0.0035602122079581022,0.26666666666666666
36,0.6796875,0.011166056618094444,0.003557313932105899,
37,0.6796875,0.010506988503038883,0.0032310865353792906,
38,0.666015625,0.01078324019908905,0.003601732198148966,
39,0.63671875,0.010734550654888153,0.00341563718393445,
40,0.7734375,0.010617312043905258,0.003391381585970521,0.26666666666666666
41,0.701171875,0.0110414894297719,0.003487485693767667,
42,0.69921875,0.01078587956726551,0.0036074239760637283,
43,0.634765625,0.011397521942853928,0.003773302538320422,
44,0.61328125,0.011003528721630573,0.003636003704741597,
45,0.76953125,0.010096210055053234,0.00328061799518764,0.3
46,0.634765625,0.011361874639987946,0.003587006591260433,
47,0.6640625,0.011492366902530193,0.003571900771930814,
48,0.716796875,0.010409210808575153,0.0033608758822083473,
49,0.7109375,0.010849897749722004,0.0033713013399392366,
50,0.732421875,0.01064633671194315,0.0033139060251414776,0.26666666666666666
51,0.751953125,0.010293042287230492,0.00314182136207819,
52,0.66796875,0.010732258670032024,0.0034302477724850178,
53,0.708984375,0.010356188751757145,0.0032229293137788773,
54,0.71875,0.01015954464673996,0.0030767202842980623,
55,0.693359375,0.010409554466605186,0.003287844592705369,0.3
56,0.69921875,0.010427115485072136,0.003157024271786213,
57,0.7734375,0.00970219075679779,0.0029531337786465883,
58,0.701171875,0.009957556612789631,0.003028305247426033,
59,0.76171875,0.010106644593179226,0.003126390976831317,
60,0.73828125,0.010285710915923119,0.003159163286909461,0.26666666666666666
61,0.740234375,0.009511852636933327,0.00290850643068552,
62,0.79296875,0.010421429760754108,0.0031071549747139215,
63,0.751953125,0.00975749734789133,0.0031117897015064955,
64,0.638671875,0.009935609996318817,0.002928109373897314,
65,0.724609375,0.009883841499686241,0.0029168797191232443,0.26666666666666666
66,0.671875,0.009915536269545555,0.0029931063763797283,
67,0.80859375,0.009377547539770603,0.002838097047060728,
68,0.703125,0.009739696979522705,0.0027827925514429808,
69,0.640625,0.010103883221745491,0.00321813952177763,
70,0.703125,0.009774371050298214,0.0029358104802668095,0.36666666666666664
71,0.7421875,0.009571763686835766,0.0028740011621266603,
72,0.78515625,0.009311560541391373,0.0027638315223157406,
73,0.67578125,0.009019260294735432,0.002522026654332876,
74,0.744140625,0.009517216123640537,0.0028322292491793633,
75,0.744140625,0.009742893278598785,0.003048069542273879,0.3333333333333333
76,0.765625,0.009473771788179874,0.002783610252663493,
77,0.77734375,0.009182944893836975,0.0027028576005250216,
78,0.673828125,0.009438830427825451,0.0029239209834486246,
79,0.736328125,0.00934172049164772,0.0028655119240283966,
80,0.796875,0.009517817758023739,0.0028866862412542105,0.3
81,0.70703125,0.009439299814403057,0.003517162287607789,
82,0.7734375,0.010111380368471146,0.0036215318832546473,
83,0.7109375,0.010043535381555557,0.003767747199162841,
84,0.640625,0.010740821249783039,0.004832392558455467,
85,0.630859375,0.010555763728916645,0.004054839722812176,0.3333333333333333
86,0.6328125,0.01053681317716837,0.0041962433606386185,
87,0.7578125,0.009669501334428787,0.003541035344824195,
88,0.697265625,0.010226857848465443,0.003957011736929417,
89,0.57421875,0.010692883282899857,0.004480402451008558,
90,0.65625,0.010027755051851273,0.0034989002160727978,0.3
91,0.634765625,0.009956376627087593,0.003778815967962146,
92,0.7109375,0.009662991389632225,0.0034226931165903807,
93,0.6328125,0.009666902013123035,0.003778481390327215,
94,0.66015625,0.009633103385567665,0.003328454215079546,
95,0.65234375,0.009487233124673367,0.003547211177647114,0.26666666666666666
96,0.681640625,0.009443501941859722,0.00328445085324347,
97,0.677734375,0.009134196676313877,0.0033376526553183794,
98,0.619140625,0.009012499824166298,0.003371418686583638,
99,0.63671875,0.00888372864574194,0.003205863293260336,
100,0.70703125,0.0088052898645401,0.0031772837974131107,0.23333333333333334
